player_id,player_name,active_flag,rookie_year,last_season,tbd,active_team
203025,"Abdi, Farhiya",0,2013,2015,0,
100023,"Abraham, Tajama",0,1997,1998,0,
100658,"Abrosimova, Svetlana",0,2001,2012,0,
203831,"Achonwa, Natalie",0,2015,2023,0,
201882,"Adair, Jessica",0,2010,2012,0,
202634,"Adams, Danielle",0,2011,2017,0,
100836,"Adams, Jordan",0,2003,2003,0,
1630153,"Agnew, Jaylyn",0,2020,2021,0,
100601,"Aguilar, Elisa",0,2002,2002,0,
201492,"Ajavon, Matee",0,2008,2017,0,
1628262,"Akhator, Evelyn",0,2017,2017,0,
1630093,"Alarie, Bella",0,2020,2022,0,
100158,"Alberts, Marcie",0,1997,1997,0,
100348,"Aldridge, Markita",0,1999,2001,0,
100168,"Alexander, Erin",0,1998,1998,0,
203405,"Alexander, Kayla",0,2013,2020,0,
100218,"Alhaleem, Towana",0,2001,2001,0,
1627700,"Allemand, Julie",0,2020,2022,0,
201513,"Allen, Charel",0,2008,2008,0,
1628263,"Allen, Lindsay",1,2017,2024,0,sky
204296,"Allen, Rebecca",1,2015,2024,0,mercury
1627687,"Alleyne, Jillian",0,2019,2021,0,
1627691,"Alston, Ameryst",0,2016,2017,0,
100527,"Amachree, Mactabene",0,2001,2005,0,
100036,"Ambers, Monique",0,1997,2002,0,
1641656,"Amihere, Laeticia",1,2023,2024,0,dream
200687,"Anderson, Ambrosia",0,2006,2006,0,
100873,"Anderson, Chantelle",0,2003,2007,0,
201485,"Anderson, Jolene",0,2008,2008,0,
100553,"Anderson, Keisha",0,2000,2002,0,
1628304,"Anderson, Yvonne",0,2022,2022,0,
100428,"Andrade, Mery",0,1999,2004,0,
100026,"Angel, Yvette",0,1997,1997,0,
1629485,"Anigwe, Kristine",0,2019,2023,0,
201500,"Anosike, Nicky",0,2008,2012,0,
202251,"Appel Marinelli, Jayne",0,2010,2016,0,
100075,"Arcain, Janeth",0,1997,2005,0,
203428,"Armstrong, Anne Marie",0,2013,2013,0,
100067,"Artis, Katasha",0,1997,1997,0,
100037,"Askamp, Marlies",0,1997,2002,0,
1628878,"Atkins, Ariel",1,2018,2024,0,mystics
200679,"Atkinson, La'Tangela",0,2006,2009,0,
201478,"Atunrase, Morenike",0,2008,2008,0,
1631056,"Atwell, Amy",1,2022,2024,0,mercury
200671,"Augustus, Seimone",0,2006,2020,0,
1631022,"Austin, Shakira",1,2022,2024,0,mystics
204468,"Ayayi, Valeriane",0,2015,2015,0,
100441,"Aycock, Angela",0,1999,2000,0,
202629,"Ayim, Miranda",0,2011,2011,0,
100847,"Aziz, Leigh",0,2003,2003,0,
100382,"Azzi, Jennifer",0,1999,2003,0,
100237,"Bader Binford, Tricia",0,1998,2002,0,
200682,"Baker, Sherill",0,2006,2009,0,
201054,"Bales, Alison",0,2007,2011,0,
100535,"Banchero, Rhonda",0,2000,2000,0,
1627671,"Banham, Rachel",1,2016,2024,0,sky
100043,"Baranova, Elena",0,1997,2005,0,
100231,"Barnes, Adia",0,1998,2004,0,
100230,"Barnes, Quacy",0,1998,2002,0,
200691,"Bass, Mistie",0,2006,2016,0,
100878,"Batkovic-Brown, Suzy",0,2005,2009,0,
101035,"Batteast, Jacqueline",0,2005,2006,0,
101047,"Battle, Ashley",0,2005,2010,0,
100294,"Bauer-Bilodeau, Cass",0,1999,2002,0,
203037,"Baugh, Vicki",0,2014,2016,0,
100949,"Beard, Alana",0,2004,2019,0,
100041,"Becenti, Ryneldi",0,1997,1997,0,
201517,"Beck, Kimberly",0,2008,2008,0,
1629495,"Bell, Kenisha",0,2019,2019,0,
1631006,"Bell, Kierstan",1,2022,2024,0,aces
1627648,"Belyakova, Evgeniia",0,2016,2016,0,
1628868,"Ben Abdelkader, Hind",0,2018,2018,0,
100921,"Benningfield, Jenni",0,2005,2005,0,
203410,"Bentley, Alex",0,2013,2019,0,
1631081,"Benzan, Katie",0,2022,2022,0,
201491,"Berezhynska, Val",0,2008,2008,0,
1641658,"Berger, Grace",1,2023,2024,0,fever
100739,"Berthieu, Lucienne",0,2002,2004,0,
1629571,"Bertsch, Morgan",0,2023,2024,0,
100284,"Bevilaqua, Tully",0,1998,2012,0,
203839,"Bias, Tiffany",0,2014,2019,0,
100508,"Bibby, Jessica",0,2000,2000,0,
100912,"Bibrzycka, Agnieszka",0,2003,2006,0,
1641698,"Bickle, Caitlin",1,2024,2024,0,sun
1628881,"Billings, Monique",1,2018,2024,0,mercury
100720,"Bird, Sue",0,2002,2022,0,
202249,"Bishop, Abby",0,2010,2016,0,
100391,"Bjedov, Nina",0,1999,1999,0,
202637,"Bjorklund, Angie",0,2011,2011,0,
100979,"Bjorklund, Tera",0,2004,2004,0,
201884,"Black, Chante",0,2009,2013,0,
100359,"Black, Debbie",0,1999,2004,0,
100108,"Blades, Rhonda",0,1997,1998,0,
100183,"Blodgett, Cindy",0,1998,2001,0,
200689,"Blue, Nikki",0,2006,2010,0,
100169,"Blue, Octavia",0,1998,2004,0,
201497,"Bobbitt, Shannon",0,2008,2012,0,
201885,"Boddie, Whitney",0,2009,2009,0,
100016,"Bolton, Ruthie",0,1997,2004,0,
200697,"Bond, LaToya",0,2006,2008,0,
203402,"Bone, Kelsey",0,2013,2018,0,
100799,"Bonfiglio, Susanna",0,2002,2002,0,
201886,"Bonner, DeWanna",1,2009,2024,0,sun
100053,"Booker, Karen",0,1997,1998,0,
1641648,"Boston, Aliyah",1,2023,2024,0,fever
100095,"Boucek, Jenny",0,1997,1997,0,
100177,"Boucher, Kelly",0,1998,1998,0,
200714,"Bowen, Lindsay",0,2007,2007,0,
100859,"Bowie, Tamara",0,2003,2003,0,
100269,"Boyd, Carla",0,1998,2001,0,
204327,"Boyd-Jones, Brittany",0,2015,2021,0,
204325,"Bradford, Crystal",0,2015,2021,0,
203844,"Brandon, Gennifer",0,2014,2014,0,
100212,"Branzova, Albena",0,1998,1998,0,
100246,"Branzova, Gergana",0,1998,1998,0,
203070,"Bravard, Cierra",0,2013,2013,0,
100087,"Braxton, Janice",0,1997,1999,0,
101025,"Braxton, Kara",0,2005,2014,0,
100368,"Braziel, Angie",0,1999,2001,0,
100253,"Brcaninovic, Razija",0,1998,1998,0,
202638,"Breland, Jessica",0,2011,2021,0,
1630095,"Brewer, Brittany",0,2020,2020,0,
1642287,"Brink, Cameron",1,2024,2024,0,sparks
100629,"Bristol, Reshea",0,2001,2001,0,
100221,"Brogan, Michelle",0,1998,2001,0,
100247,"Brondello, Sandy",0,1998,2003,0,
100248,"Brown, Cindy",0,1998,1999,0,
100848,"Brown, Coretta",0,2003,2006,0,
100492,"Brown, Edwina",0,2000,2006,0,
1642240,"Brown, Jaelyn",1,2024,2024,0,wings
1629480,"Brown, Kalani",1,2019,2024,0,wings
100651,"Brown, Kiesha",0,2002,2010,0,
100193,"Brown, La'Shawn",0,1998,1998,0,
1641665,"Brown, Leigha",0,2023,2023,0,
100383,"Brown, Lesley",0,1999,1999,0,
1628882,"Brown, Lexie",1,2018,2024,0,sparks
100097,"Brown, Rushia",0,1997,2003,0,
1642309,"Brown-Turner, Jakia",0,2024,2024,0,
100481,"Brumfield, Marla",0,2000,2003,0,
100916,"Brungo, Jessica",0,2004,2006,0,
1628265,"Brunner, Sophie",0,2017,2017,0,
100944,"Brunson, Rebekkah",0,2004,2018,0,
1627679,"Bulgak, Adut",0,2016,2017,0,
100058,"Bullett, Vicky",0,1997,2002,0,
204332,"Burdick, Cierra",0,2015,2021,0,
100156,"Burge, Heidi",0,1997,1998,0,
100401,"Burgess, Annie",0,1999,2003,0,
100011,"Burgess, Linda",0,1997,2000,0,
1629568,"Burke, Kennedy",1,2019,2024,0,liberty
100429,"Burras, Alisa",0,1999,2003,0,
1630996,"Burrell, Rae",1,2022,2024,0,sparks
100660,"Burse, Janell",0,2001,2009,0,
1631007,"Burton, Veronica",1,2022,2024,0,sun
203046,"Butler, Briana",0,2012,2015,0,
203874,"Butler, Heather",0,2014,2014,0,
100934,"Butts, Tasha",0,2004,2004,0,
100027,"Byears, Latasha",0,1997,2008,0,
203020,"Cain, Kelley",0,2012,2014,0,
1630471,"Caldwell, Maya",1,2022,2024,0,dream
202633,"Cambage, Liz",0,2011,2022,0,
100375,"Campbell, Edna",0,1999,2005,0,
100360,"Campbell, Michelle",0,1999,2000,0,
202314,"Campbell, Michelle",0,2013,2013,0,
1628886,"Canada, Jordin",1,2018,2024,0,dream
1628242,"Cannon, Emma",0,2017,2024,0,
100384,"Canty, Dominique",0,1999,2012,0,
1642289,"Cardoso, Kamilla",1,2024,2024,0,sky
101053,"Carey, Jamie",0,2005,2008,0,
1629524,"Carleton, Bridget",1,2019,2024,0,lynx
1630096,"Carrington, DiJonai",1,2021,2024,0,sun
201502,"Carson, Essence",0,2008,2020,0,
100938,"Carter, Amisha",0,2004,2005,0,
1629573,"Carter, Arica",0,2019,2019,0,
1630150,"Carter, Chennedy",1,2020,2024,0,sky
100052,"Carter, Deborah",0,1997,1998,0,
1642305,"Carter, Jessika",0,2024,2024,0,
203039,"Carter, Sydney",0,2012,2015,0,
100721,"Cash, Swin",0,2002,2016,0,
100451,"Cassidy, Jamie",0,2000,2000,0,
100796,"Castro Marques, Iziane",0,2002,2013,0,
100646,"Catchings, Tamika",0,2002,2016,0,
100733,"Caufield, LaNeishea",0,2002,2002,0,
1629569,"Cazorla, Maite",0,2019,2019,0,
100213,"Cebrian, Elisabeth",0,1998,2000,0,
100194,"Chaconas, Keri",0,1998,1998,0,
201087,"Chambers, Cori",0,2007,2007,0,
201481,"Chaney, Quianna",0,2008,2008,0,
100741,"Chapman-Daily, Jill",0,2002,2002,0,
100005,"Charles, Daedra",0,1997,1997,0,
1630097,"Charles, Kaila",0,2020,2023,0,
202250,"Charles, Tina",1,2010,2024,0,dream
100178,"Chase, Sonia",0,1998,1999,0,
202285,"Cheek, Joy",0,2010,2011,0,
202639,"Chester-Wootton, Felicia",0,2011,2011,0,
100950,"Chones, Kaayla",0,2004,2006,0,
1628267,"Chong, Saniya",0,2017,2018,0,
100759,"Christensen, Kayte",0,2002,2007,0,
202640,"Christmas-Kelly, Karima",0,2011,2020,0,
100937,"Christon, Shameka",0,2004,2015,0,
201922,"Cirone, Kristi",0,2009,2009,0,
203406,"Clarendon, Layshia",1,2013,2024,0,sparks
202252,"Clark, Alysha",1,2012,2024,0,aces
1642286,"Clark, Caitlin",1,2024,2024,0,fever
100162,"Clark, Margo",0,1997,1997,0,
100594,"Cleary, Michelle",0,2000,2001,0,
203451,"Clements, Courtney",0,2013,2015,0,
100534,"Clinesmith, Stacy",0,2000,2002,0,
204333,"Cloud, Natasha",1,2015,2024,0,mercury
1631002,"Clouden, Nia",0,2022,2023,0,
1628268,"Coates, Alaina",0,2018,2023,0,
1628269,"Coffey, Nia",1,2017,2024,0,dream
201095,"Coggins, Claire",0,2007,2007,0,
100958,"Coker, Monique",0,2004,2004,0,
100827,"Coleman, Courtney",0,2003,2003,0,
201889,"Coleman, Marissa",0,2009,2018,0,
203814,"Colhado, Nadia",0,2014,2017,0,
100009,"Colleton, Katrina",0,1997,2001,0,
1630454,"Collier, Charli",0,2021,2022,0,
1629483,"Collier, Napheesa",1,2019,2024,0,lynx
202641,"Colson, Sydney",1,2011,2024,0,aces
100051,"Compain, Megan",0,1997,1997,0,
100065,"Congreaves, Andrea",0,1997,1999,0,
100688,"Consuegra, Cara",0,2001,2001,0,
1641660,"Cooke, Zia",1,2023,2024,0,sparks
100652,"Cooper, Camille",0,2001,2002,0,
100073,"Cooper, Cynthia",0,1997,2003,0,
1630099,"Cooper, Te'a",0,2020,2021,0,
1627674,"Copper, Kahleah",1,2016,2024,0,mercury
1627635,"Cortijo, Carla",0,2015,2016,0,
1630100,"Cox, Lauren",0,2020,2023,0,
100529,"Crawley, Sylvia",0,2000,2003,0,
200692,"Crockett, Willnett",0,2008,2008,0,
100730,"Crockrom, Danielle",0,2002,2003,0,
100665,"Cronin, Katie",0,2003,2006,0,
100110,"Crumpton-Moorer, Cassandra",0,1997,1997,0,
203813,"Cruz, Anna",0,2014,2016,0,
1631032,"Cubaj, Lorela",1,2022,2024,0,dream
1631072,"Cunane, Elissa",0,2022,2022,0,
100554,"Cunningham, Beth",0,2000,2000,0,
100743,"Cunningham, Davalyn",0,2002,2002,0,
1629482,"Cunningham, Sophie",1,2019,2024,0,mercury
200673,"Currie, Monique",0,2006,2018,0,
100760,"Curry, Edniesha",0,2003,2005,0,
204302,"Dabovic, Ana",0,2015,2016,0,
100722,"Dales, Stacey",0,2002,2007,0,
100482,"Daley, Grace",0,2000,2003,0,
1630101,"Dangerfield, Crystal",1,2020,2024,0,sparks
203024,"Dantas, Damiris",1,2014,2024,0,fever
100457,"Darling, Helen",0,2000,2010,0,
201047,"Davenport, Jessica",0,2007,2013,0,
200725,"Davis, Brandi",0,2006,2006,0,
201061,"Davis, Dee",0,2007,2007,0,
1628273,"Davis, Kaela",1,2017,2024,0,sky
1642301,"Davis, Marquesha",1,2024,2024,0,liberty
1630452,"Davis, Rennia",0,2021,2022,0,
201890,"Davis-Cain, Tenae",0,2009,2009,0,
100377,"Davis-Wrightsil, Clarissa",0,1999,1999,0,
100493,"DeForge, Anna",0,2000,2009,0,
1628890,"DeShields, Diamond",1,2018,2024,0,sky
203399,"Delle Donne, Elena",0,2013,2023,0,
100975,"Derevjanik, Jennifer",0,2004,2008,0,
1628358,"Diarra, Maimouna",0,2017,2017,0,
100483,"Dickerson, Keitha",0,2000,2001,0,
1631029,"Dickey, Jasmine",0,2022,2023,0,
204355,"Dietrick, Blake",0,2016,2021,0,
203400,"Diggins-Smith, Skylar",1,2013,2024,0,storm
100866,"Dillard, Tai",0,2003,2005,0,
1627639,"Dimitrakou, Zoi",0,2016,2016,0,
1641700,"Dixon, Liz",0,2023,2024,0,
100008,"Dixon, Tamecka",0,1997,2009,0,
1641602,"Dojkić, Ivana",1,2023,2024,0,liberty
203828,"Dolson, Stefanie",1,2014,2024,0,mystics
100214,"Domond, Nadine",0,1998,1998,0,
100862,"Donaphin, Bethany",0,2003,2004,0,
201063,"Doron, Shay",0,2007,2007,0,
200684,"Dorrell, Scholanda",0,2006,2012,0,
204309,"Dos Santos, Clarissa",0,2015,2016,0,
100666,"Douglas, Katie",0,2001,2014,0,
1630104,"Doyle, Kathleen",0,2020,2020,0,
1627644,"Dubljevic, Jelena",0,2016,2016,0,
200701,"Duffy, Megan",0,2006,2008,0,
203820,"Dumerc, Celine",0,2014,2014,0,
1630440,"Dungee, Chelsea",0,2021,2021,0,
202643,"Dunlap, Victoria",0,2011,2012,0,
200676,"Dupree, Candice",0,2006,2021,0,
1629476,"Durr, Asia (AD)",0,2019,2023,0,
100239,"Dydek, Margo",0,1998,2008,0,
1642290,"Edwards, Aaliyah",1,2024,2024,0,mystics
100088,"Edwards, Michelle",0,1997,2001,0,
100111,"Edwards, Simone",0,1997,2005,0,
100838,"Edwards, Teresa",0,2003,2004,0,
100398,"Edwards, Tonya",0,1999,2002,0,
1631031,"Egbo, Queen",1,2022,2024,0,aces
1627645,"Eldebrink, Frida",0,2016,2016,0,
203876,"Ellenberg, Aaryn",0,2014,2014,0,
1628327,"Elonu, Adaora",0,2018,2018,0,
101032,"Ely-Gash, Shyra",0,2005,2011,0,
1631083,"Engstler, Emily",1,2022,2024,0,mystics
100350,"Enis, Shalonda",0,1999,2003,0,
1628300,"Epps, Makayla",0,2017,2017,0,
100446,"Erb, Summer",0,2000,2002,0,
201486,"Ervin, Lauren",0,2009,2009,0,
1630389,"Evans, Dana",1,2021,2024,0,sky
202999,"Evans, Dawn",0,2012,2012,0,
1627701,"Fagbenle, Temi",1,2017,2024,0,fever
1642300,"Fair, Dyaisha",0,2024,2024,0,
100399,"Fallon, Trisha",0,1999,2001,0,
1641675,"Fankam Mendjiadeu, Dulcy",0,2023,2024,0,
203408,"Faris, Kelly",0,2013,2016,0,
100494,"Farris, Barbara",0,2000,2009,0,
203857,"Faulkner, Jamierra",0,2014,2019,0,
100170,"Feaster, Allison",0,1998,2008,0,
100998,"Fei Fei, Sui",0,2005,2005,0,
100685,"Ferdinand-Harris, Marie",0,2001,2011,0,
201037,"Fernandez, Marta",0,2007,2008,0,
100509,"Ferragut, Marina",0,2000,2000,0,
1630142,"Fiebich, Leonie",1,2024,2024,0,liberty
1627699,"Fields, Nirra",0,2016,2016,0,
100392,"Figgs, Ukari",0,1999,2003,0,
100089,"Fijalkowski, Isabelle",0,1997,2003,0,
100510,"Firsova, Olga",0,2000,2000,0,
1628289,"Fitzgerald, Feyonda",0,2017,2017,0,
100559,"Flores, Milena",0,2000,2000,0,
200680,"Fluker, Tye'sha",0,2006,2008,0,
100400,"Folkl, Kristin",0,1999,2002,0,
100843,"Ford, Cheryl",0,2003,2009,0,
100107,"Ford, Kisha",0,1997,2001,0,
100599,"Ford, Stacey",0,2001,2002,0,
100033,"Foster, Toni",0,1997,1999,0,
201480,"Fowles, Sylvia",0,2008,2022,0,
100511,"Francis, Desiree",0,2000,2000,0,
201510,"Franklin, A'Quonesia",0,2008,2009,0,
201892,"Frazee, Megan",0,2009,2010,0,
100547,"Frese, Stacy",0,2000,2000,0,
100393,"Frett, La'Keshia",0,1999,2005,0,
100948,"Frierson, Catrina",0,2004,2004,0,
100746,"Frohlich, Linda",0,2002,2007,0,
100918,"Futrell, Candace",0,2004,2004,0,
100548,"Gaither, Katryna",0,2000,2002,0,
100010,"Gant, Travesa",0,1997,1997,0,
100803,"Garcia, Begona",0,2002,2002,0,
200704,"Gardin, Kerri",0,2008,2011,0,
100747,"Gardner, Andrea",0,2002,2008,0,
203822,"Gardner, Rebekah",0,2022,2023,0,
100503,"Garner, Andrea",0,2000,2000,0,
203832,"Gatling, Markeisha",0,2014,2016,0,
100081,"Gay, Pietra",0,1997,1997,0,
100515,"Gayden, Cornelia",0,2000,2000,0,
201052,"Gearlds, Katie",0,2007,2009,0,
203043,"Gemelos, Jacki",0,2015,2020,0,
204297,"George, Cayla",0,2015,2023,0,
100014,"Gessig, Kim",0,1997,1997,0,
100504,"Gibson, Kelley",0,2000,2003,0,
100030,"Gillom, Jennifer",0,1997,2003,0,
100468,"Gilmore, Usha",0,2000,2000,0,
201551,"Gissendanner, Kamela",0,2008,2008,0,
201106,"Givens, Chrissy",0,2008,2008,0,
200648,"Gomis, Emilie",0,2006,2006,0,
1630438,"Gondrezick, Kysre",0,2021,2024,0,
203067,"Goodlett, Sasha",0,2012,2015,0,
1630453,"Goodman, Aleah",0,2021,2021,0,
203426,"Goodrich, Angel",0,2013,2015,0,
100363,"Goodson, Adrienne",0,1999,2005,0,
100017,"Gordon, Bridgette",0,1997,1998,0,
1630110,"Gorecki, Haley",0,2021,2021,0,
1627643,"Goree, Cyesha",0,2023,2023,0,
201107,"Goring, Gillian",0,2007,2007,0,
100728,"Gortman, Shaunzinski",0,2002,2006,0,
100289,"Graham, Margo",0,1998,1998,0,
200709,"Grant, Erin",0,2007,2007,0,
1627689,"Graves, Bashaara",0,2016,2017,0,
100021,"Graves, Denique",0,1997,1997,0,
1628277,"Gray, Allisha",1,2017,2024,0,dream
203833,"Gray, Chelsea",1,2015,2024,0,aces
204334,"Gray, Reshanda",0,2015,2022,0,
202280,"Gray-Lawson, Alexis",0,2011,2012,0,
100881,"Greco, Michelle",0,2004,2004,0,
202253,"Greene, Kalana",0,2010,2015,0,
203423,"Greene, Nikki",0,2014,2015,0,
101057,"Greenwalt, Cisti",0,2006,2006,0,
100476,"Grgin Fonseca, Vedrana",0,2000,2002,0,
202254,"Griffin, Kelsey",0,2010,2014,0,
100419,"Griffith, Yolanda",0,1999,2009,0,
203398,"Griner, Brittney",1,2013,2024,0,mercury
100044,"Grooms, Lady",0,1997,2004,0,
100394,"Grubin, Gordana",0,1999,2005,0,
201058,"Gruda, Sandrine",0,2008,2017,0,
1630441,"Guirantes, Arella",0,2021,2023,0,
1629484,"Gustafson, Megan",1,2019,2024,0,aces
100074,"Guyton, Wanda",0,1997,1999,0,
1627681,"Gwathmey, Jazmon",0,2016,2018,0,
1628895,"Gülich, Marie",0,2018,2020,0,
100019,"Hagiwara, Mikiko",0,1997,1998,0,
201057,"Hairston, Kamesha",0,2007,2007,0,
100516,"Hall, Amber",0,2002,2002,0,
100458,"Hall, Vicki",0,2000,2002,0,
100270,"Hamblin, Angela",0,1998,1998,0,
1627685,"Hamblin, Ruth",0,2016,2016,0,
204324,"Hamby, Dearica",1,2015,2024,0,sparks
100342,"Hammon, Becky",0,1999,2014,0,
203034,"Hampton, Keisha",0,2016,2017,0,
100102,"Hampton, Kym",0,1997,1999,0,
203845,"Hamson, Jennifer",0,2015,2017,0,
100517,"Hamzova, Romana",0,2000,2000,0,
1629566,Han Xu,0,2019,2023,0,
204336,"Harden, Alex",0,2015,2016,0,
201046,"Harding, Lindsey",0,2007,2016,0,
201509,"Harper, Laura",0,2008,2009,0,
1628897,"Harper, Linnae",0,2018,2023,0,
100096,"Harrington, Donna",0,2000,2000,0,
202644,"Harris, Amber",0,2011,2018,0,
100084,"Harris, Fran",0,1997,1998,0,
1630112,"Harris, Tyasha",1,2020,2024,0,sun
204330,"Harrison, Isabelle",1,2016,2024,0,sky
100378,"Harrison, Lisa",0,1999,2005,0,
100222,"Harrower, Kristi",0,1998,2009,0,
203829,"Hartley, Bria",0,2014,2022,0,
203418,"Hassell, Jasmine",0,2013,2014,0,
1630043,"Határ, Bernadett",0,2021,2023,0,
203403,"Hawkins, Tianna",0,2013,2023,0,
100933,"Hayden, Vanessa",0,2004,2009,0,
203026,"Hayes, Tiffany",1,2012,2024,0,aces
101027,"Haynie, Kristin",0,2005,2009,0,
100045,"Head, Dena",0,1997,2000,0,
1630385,"Heal, Shyla",0,2021,2021,0,
1630113,"Hebard, Ruthy",0,2020,2023,0,
1631089,"Henderson, Destanni",0,2022,2024,0,
100082,"Henderson, Nekeshia",0,2001,2001,0,
100430,"Henderson, Tracy",0,1999,2003,0,
100336,"Henning, Sonja",0,1999,2003,0,
1630114,"Herbert Harrigan, Mikiah",1,2020,2024,0,mercury
100549,"Herrig, Amy",0,2000,2002,0,
201048,"Herrington, Armintie",0,2007,2015,0,
100538,"Hibbert, Katrina",0,2000,2000,0,
100048,"Hicks, Jessie",0,1997,2004,0,
1629567,"Hiedeman, Natisha",1,2019,2024,0,lynx
202255,"Hightower, Allison",0,2010,2017,0,
100452,"Hill, E.C.",0,2000,2001,0,
203401,"Hill, Tayler",0,2013,2019,0,
1631044,"Hillmon, Naz",1,2022,2024,0,dream
1628949,"Hillsman, Khaalia",0,2023,2023,0,
1628899,"Hines-Allen, Myisha",1,2018,2024,0,lynx
100250,"Hlede, Korie",0,1998,2002,0,
100908,"Hlede, Korie",0,1999,2002,0,
101033,"Hodges, Roneeka",0,2005,2015,0,
100928,"Hoffman, Ebony",0,2004,2014,0,
100356,"Holdsclaw, Chamique",0,1999,2010,0,
100421,"Holland-Corn, Kedra",0,1999,2006,0,
201895,"Hollingsworth, Quanitra",0,2009,2015,0,
1627680,"Hollivay, Rachel",0,2016,2017,0,
1627678,"Holmes, Bria",0,2016,2021,0,
100351,"Holmes, Joy",0,2000,2000,0,
1630115,"Holmes, Joyner",1,2020,2024,0,storm
201530,"Holmes, Sequoia",0,2008,2018,0,
201483,"Holt, Amber",0,2008,2012,0,
203835,"Hooper, Jordan",0,2014,2017,0,
204348,"Hoover, Andrea",0,2015,2015,0,
100408,"Hope, Kym",0,2000,2003,0,
203563,"Hopkins, Chelsea",0,2013,2018,0,
100071,"Hopson-Shelton, Susie",0,1997,1997,0,
201487,"Hornbuckle, Alexis",0,2008,2013,0,
1641651,"Horston, Jordan",1,2023,2024,0,storm
201501,"Houston, Charde",0,2008,2014,0,
202262,"Houts, Ashley",0,2010,2010,0,
1629500,"Howard, Anriel",0,2019,2019,0,
100431,"Howard, Jennifer",0,1999,1999,0,
203827,"Howard, Natasha",1,2014,2024,0,wings
1631009,"Howard, Rhyne",1,2022,2024,0,dream
204337,"Hrynko, Brittany",0,2015,2015,0,
1629570,"Huff, Megan",0,2020,2020,0,
1631086,"Hull, Lexie",1,2022,2024,0,fever
201488,"Humphrey, Tasha",0,2008,2009,0,
202645,"Ibekwe, Ify",0,2011,2017,0,
1629477,"Ionescu, Sabrina",1,2020,2024,0,liberty
101021,"Irvin, Sandora",0,2005,2011,0,
100364,"Ivanyi, Dalma",0,1999,2006,0,
100650,"Ivey, Niele",0,2001,2005,0,
100197,"Jackson, Angela",0,1998,1998,0,
1629505,"Jackson, Chloe",0,2019,2019,0,
100727,"Jackson, Deanna",0,2002,2006,0,
100867,"Jackson, Gwen",0,2003,2005,0,
100682,"Jackson, Lauren",0,2001,2012,0,
1642288,"Jackson, Rickea",1,2024,2024,0,sparks
100496,"Jackson, Tamicha",0,2000,2006,0,
100077,"Jackson, Tammy",0,1997,2002,0,
100034,"Jackson, Tia",0,1997,1997,0,
201050,"Jackson, Tiffany",0,2007,2017,0,
100935,"Jacobs, Amber",0,2004,2008,0,
203427,"James, Jasmine",0,2013,2013,0,
200678,"James, Tamara",0,2006,2007,0,
201896,"January, Briann",0,2009,2022,0,
202647,"Jarry, Rachel",0,2013,2013,0,
1627669,"Jefferson, Moriah",1,2016,2024,0,sky
203421,"Jeffery, Chucky",0,2013,2014,0,
201869,"Jekabsone-Zogota, Anete",0,2009,2014,0,
1627704,"Jenkins, Alisia",0,2020,2020,0,
1641653,"Joens, Ashley",0,2023,2023,0,
100939,"Joens, Cathy",0,2007,2008,0,
1629546,"Johannès, Marine",0,2019,2023,0,
100180,"Johns Kimbrough, Pollyanna",0,1998,2004,0,
100100,"Johnson, Adrienne",0,1997,2003,0,
100870,"Johnson, Chandra",0,2003,2003,0,
203017,"Johnson, Glory",0,2012,2020,0,
100668,"Johnson, Jaclyn",0,2001,2001,0,
100242,"Johnson, LaTonya",0,1998,2004,0,
100290,"Johnson, Leslie",0,1998,1998,0,
100369,"Johnson, Niesa",0,1999,2000,0,
100410,"Johnson, Shannon",0,1999,2009,0,
203018,"Johnson, Shenise",0,2012,2020,0,
1630118,"Johnson, Stella",0,2020,2021,0,
101024,"Johnson, Temeka",0,2005,2015,0,
100233,"Johnson, Tiffani",0,1998,2006,0,
100103,"Johnson, Vickie",0,1997,2009,0,
100432,"Jolly Harper, Kellie",0,1999,1999,0,
1628283,"Jones, Alexis",0,2017,2020,0,
100723,"Jones, Asjha",0,2002,2015,0,
1628280,"Jones, Brionna",1,2017,2024,0,sun
100941,"Jones, Chandi",0,2004,2006,0,
1641650,"Jones, Haley",1,2023,2024,0,dream
100558,"Jones, Jameka",0,2000,2000,0,
1630119,"Jones, Jazmine",0,2020,2022,0,
1627673,"Jones, Jonquel",1,2016,2024,0,liberty
100454,"Jones, Larecha",0,2000,2000,0,
100887,"Jones, Marion",0,2010,2011,0,
100092,"Jones, Merlakia",0,1997,2004,0,
1630120,"Jones, Stephanie",0,2021,2022,0,
100223,"Jordan, Pauline",0,1998,1998,0,
1641657,"Juhász, Dorka",1,2023,2024,0,lynx
1642534,"Kalu, Ezinne",1,2024,2024,0,dream
100251,"Kausaite, Aneta",0,1998,1998,0,
1629502,"Kea, Paris",0,2019,2020,0,
204352,"Kelley, Shae",0,2015,2015,0,
201494,"Kelly, Crystal",0,2008,2010,0,
204331,"Kiesel, Brianna",0,2015,2017,0,
101078,"King-Borchardt, Susan",0,2005,2005,0,
100626,"Kingi-Cross, Jae",0,2001,2006,0,
203041,"Kizer, Lynetta",0,2012,2018,0,
100737,"Klimesova, Zuzana",0,2002,2003,0,
1627682,"Knight, Whitney",0,2016,2016,0,
202318,"Kobryn, Ewelina",0,2011,2014,0,
101084,"Koehn, Laurie",0,2005,2012,0,
1631021,"Koné, Sika",1,2023,2024,0,mystics
100671,"Korstine, Ilona",0,2001,2001,0,
100055,"Koss, Greta",0,1997,1997,0,
100786,"Kostaki, Anastasia",0,2003,2006,0,
100186,"Kostic, Tanja",0,1998,2000,0,
101049,"Kraayeveld, Cathrine",0,2005,2013,0,
1630961,"Krajisnik, Tina",0,2022,2022,0,
100477,"Kubik, Nicole",0,2000,2001,0,
1630386,"Kuier, Awak",0,2021,2023,0,
100224,"Kuklova, Andrea",0,1998,1999,0,
202256,"Lacey, Alison",0,2010,2010,0,
101080,"Lacy, Jennifer",0,2006,2015,0,
201490,"Lacy, Natasha",0,2010,2014,0,
100425,"Lacy, Venus",0,1999,2000,0,
100207,"Lamb, Monica",0,1998,2000,0,
100726,"Lambert, Sheila",0,2002,2005,0,
204335,"Laney-Hamilton, Betnijah",1,2015,2024,0,liberty
100379,"Lang-Harris, Merlelynn",0,1999,1999,0,
201518,"Langhorne, Crystal",0,2008,2020,0,
100365,"Lara, Krystyna",0,1999,1999,0,
201503,"Larkins, Erlana",0,2008,2018,0,
100642,"Lassiter, Amanda",0,2001,2006,0,
201056,"Latta, Ivory",0,2007,2017,0,
202650,"Lavender, Jantel",0,2011,2022,0,
100874,"Lawson, Kara",0,2003,2015,0,
101018,"Lawson-Wade, Edwige",0,2005,2010,0,
100663,"Lazic, Katarina",0,2001,2001,0,
201898,"Lehning, Shalee",0,2009,2011,0,
100484,"Lennox, Betty",0,2000,2011,0,
1629506,"Leslie, Kiara",0,2019,2021,0,
100003,"Leslie, Lisa",0,1997,2009,0,
200715,"Leuchanka, Yelena",0,2006,2012,0,
100653,"Levandusky, Nicole",0,2001,2001,0,
100155,"Levesque, Nicole",0,1997,1997,0,
1628292,"Lewis, Breanna",0,2017,2018,0,
100931,"Lewis, Doneeka",0,2004,2011,0,
100754,"Lewis, TaKeisha",0,2002,2003,0,
100643,"Lewis, Tynesha",0,2001,2012,0,
101000,"Li jie, Miao",0,2005,2005,0,
100032,"Lieberman, Nancy",0,1997,2008,0,
202316,"Lilley, Taylor",0,2010,2010,0,
203870,"Lister, Jasmine",0,2015,2015,0,
203834,"Liston, Tricia",0,2014,2015,0,
100402,"Lloyd-Curry, Andrea",0,1999,2000,0,
100002,"Lobo, Rebecca",0,1997,2003,0,
204328,"Logic, Samantha",0,2015,2015,0,
1641661,"Lopez Sénéchal, Lou",1,2023,2024,0,wings
1628905,"Louis, Raigyne",0,2018,2018,0,
100470,"Lovelace, Stacey",0,2000,2008,0,
204319,"Loyd, Jewell",1,2015,2024,0,storm
203843,"Lucas, Maggie",0,2014,2018,0,
100675,"Luckey, Pat",0,2001,2001,0,
100694,"Luz, Helen",0,2001,2003,0,
101023,"Lyttle, Sancho",0,2005,2019,0,
100012,"Mabika, Mwadi",0,1997,2008,0,
1629497,"Mabrey, Marina",1,2019,2024,0,sun
203887,"Macaulay, Victoria",0,2015,2019,0,
100987,"Macchi, Laura",0,2003,2005,0,
100395,"Machanguana, Clarisse",0,1999,2002,0,
1630957,"Machida, Rui",0,2022,2022,0,
1630442,"Mack, Natasha",1,2021,2024,0,mercury
204298,"Madgen, Tess",0,2015,2015,0,
1629496,"Magbegor, Ezi",1,2020,2024,0,storm
101056,"Mahoney, Megan",0,2006,2007,0,
100512,"Mahoney, Shea",0,2000,2002,0,
100731,"Maiga-Ba, Hamchetou",0,2002,2010,0,
100518,"Malcolm, Nadine",0,2001,2002,0,
1630993,"Maley, Anneli",0,2022,2022,0,
100833,"Mallory, Sonja",0,2003,2003,0,
204326,"Malott, Ally",0,2015,2016,0,
201140,"Maltsi, Evanthia",0,2007,2007,0,
101029,"Mann, Kristen",0,2005,2010,0,
100063,"Manning, Sharon",0,1997,2000,0,
100060,"Mapp, Rhonda",0,1997,2003,0,
100570,"Marciniak, Michelle",0,2000,2002,0,
202276,"Marginean, Gabriela",0,2010,2010,0,
1642324,"Martin, Kate",1,2024,2024,0,aces
100485,"Martin, Maylana",0,2000,2001,0,
100945,"Martinez, Nuria",0,2004,2010,0,
100988,"Masciadri, Raffaella",0,2003,2008,0,
100557,"Massaline, Tonya",0,2000,2003,0,
203407,"Mathies, A'dia",0,2013,2013,0,
101064,"Matter, Caity",0,2005,2005,0,
101026,"Mattera, Katie",0,2005,2009,0,
1628906,"Mavunga, Stephanie",0,2018,2020,0,
100094,"Maxwell, Anita",0,1997,1997,0,
100357,"Maxwell, Monica",0,1999,2002,0,
100920,"Mazzante, Kelly",0,2004,2011,0,
203825,"McBride, Kayla",1,2014,2024,0,lynx
100744,"McCain, Brandi",0,2002,2003,0,
100521,"McCain, Tiffany",0,2000,2002,0,
1628286,"McCall, Erica",0,2017,2021,0,
201901,"McCants, Rashanda",0,2009,2010,0,
1628907,"McCarty-Williams, Brooke",0,2019,2019,0,
101019,"McCarville, Janel",0,2005,2016,0,
100187,"McConnell Serio, Suzie",0,1998,2000,0,
201881,"McCoughtry, Angel",0,2009,2022,0,
1629479,"McCowan, Teaira",1,2019,2024,0,wings
202263,"McCray, Danielle",0,2011,2014,0,
100198,"McCray, Nikki",0,1998,2006,0,
100069,"McCray, Nikki (, Penny",0,1998,2006,0,
100478,"McCrimmon, Nicky",0,2000,2003,0,
100471,"McCulley, Danielle",0,2000,2003,0,
1630462,"McDonald, Aari",1,2021,2024,0,sparks
100020,"McGee, Pam",0,1997,1998,0,
1627677,"McGee-Stafford, Imani",0,2016,2019,0,
100411,"McGhee, Carla",0,1999,2002,0,
203414,"McKenith, Nadirah",0,2013,2014,0,
203881,"McKinney, Shanece",0,2014,2014,0,
100412,"McWilliams-Franklin, Taj",0,1999,2012,0,
203416,"Meesseman, Emma",0,2013,2022,0,
1631141,"Melbourne, Jade",1,2023,2024,0,mystics
100433,"Melvin, Chasity",0,1999,2010,0,
100984,"Mendiola, Giuliana",0,2004,2004,0,
1641642,"Meng, Li",0,2023,2023,0,
1629470,"Mestdagh, Kim",0,2019,2019,0,
1641671,"Meyers, Abby",0,2023,2023,0,
1641659,"Mikesell, Taylor",0,2023,2023,0,
1631263,"Milic, Nikolina",0,2022,2023,0,
201902,"Miller, Britany",0,2009,2009,0,
100690,"Miller, Coco",0,2001,2012,0,
1641649,"Miller, Diamond",1,2023,2024,0,lynx
100627,"Miller, Kelly",0,2001,2012,0,
100851,"Miller, Teana",0,2003,2007,0,
100555,"Mills, Tausha",0,2000,2007,0,
201903,"Milovanovic, Jelena",0,2014,2014,0,
100396,"Milton-Jones, DeLisha",0,1999,2015,0,
100876,"Min Jung, Sun",0,2003,2003,0,
1628909,"Mitchell, Kelsey",1,2018,2024,0,fever
201507,"Mitchell, Leilani",0,2008,2021,0,
1627676,"Mitchell, Tiffany",1,2016,2024,0,sun
1628866,"Miyem, Endy",0,2018,2018,0,
200688,"Moeggenberg, Liz",0,2006,2007,0,
100718,"Moises Pinto, Adriana",0,2001,2007,0,
202264,"Mokango, Chanel",0,2010,2010,0,
1629492,"Mompremier, Beatrice",0,2020,2022,0,
202261,"Monroe, Jacinta",0,2010,2011,0,
101065,"Montanana, Anna",0,2009,2009,0,
202652,"Montgomery, Alex",0,2011,2018,0,
1628298,"Montgomery, Lanay",0,2017,2017,0,
201904,"Montgomery, Renee",0,2009,2019,0,
100680,"Moore, Jackie",0,2002,2002,0,
101042,"Moore, Jessica",0,2005,2013,0,
203409,"Moore, Lindsey",0,2013,2014,0,
101028,"Moore, Loree",0,2005,2009,0,
202632,"Moore, Maya",0,2011,2019,0,
201077,"Moore, Navonda",0,2007,2008,0,
100374,"Moore, Penny",0,1997,1999,0,
100734,"Moore, Tamara",0,2002,2007,0,
100085,"Moore, Yolanda",0,1997,1999,0,
100674,"Moos, Carolyn",0,2002,2002,0,
202623,"Morello, Aneika",0,2012,2017,0,
202680,"Morris, Darxia",0,2014,2017,0,
202265,"Morris, Jene",0,2010,2012,0,
203001,"Morrison, Ziomara",0,2012,2012,0,
201051,"Mosby, Bernice",0,2007,2009,0,
1627688,"Moseley, Brene",0,2016,2016,0,
100018,"Mosley-McAfee, Judy",0,1997,1997,0,
204321,"Mosqueda-Lewis, Kaleena",0,2015,2020,0,
100678,"Mowe, Jenny",0,2001,2003,0,
1628911,"Muldrow, Teana",0,2018,2018,0,
100551,"Mulitauaopele, Naomi",0,2000,2000,0,
201062,"Murphy, Shay",0,2007,2017,0,
1642299,"Mühl, Nika",1,2024,2024,0,storm
200707,"N'Garsanet, Christelle",0,2006,2006,0,
100353,"Nagy, Andrea",0,1999,2002,0,
101075,"Nan, Chen",0,2009,2009,0,
1628913,"Nared, Jaime",0,2018,2019,0,
100387,"Ndiaye-Diatta, Astou",0,1999,2007,0,
200670,"Ndongue, Emmeline",0,2006,2006,0,
203838,"Ndour-Fall, Astou",1,2014,2024,0,sun
1631135,"Nelson-Ododa, Olivia",1,2022,2024,0,sun
100091,"Nemcova, Eva",0,1997,2001,0,
100386,"Neves, Claudia",0,1999,2002,0,
100797,"Neves, Claudia",0,1999,2001,0,
101040,"Newton, Chelsea",0,2005,2009,0,
100807,"Ngoyisa, Bernadette",0,2002,2008,0,
100093,"Nicholson, Tina",0,1997,1997,0,
101004,"Nieuwveen, Marlous",0,2005,2005,0,
100439,"Nikolich, Mila",0,1999,1999,0,
201514,"Nnamaka, Chioma",0,2008,2008,0,
100639,"Nolan, Deanna",0,2001,2009,0,
203021,"Novosel, Natalie",0,2012,2012,0,
1628915,"Nurse, Kia",1,2018,2024,0,sparks
100215,"Nygaard, Vanessa",0,1999,2003,0,
202626,"O'Hea, Jenna",0,2011,2016,0,
204362,"O'Neill, Jennifer",0,2015,2015,0,
201475,"O'Neill, Kristen",0,2008,2008,0,
1630127,"Odom, Leaonna",0,2020,2021,0,
201544,"Oga, Yuko",0,2008,2008,0,
1629481,"Ogunbowale, Arike",1,2019,2024,0,wings
203823,"Ogwumike, Chiney",0,2014,2023,0,
203014,"Ogwumike, Nneka",1,2012,2024,0,storm
100932,"Ohlde, Nicole",0,2004,2010,0,
202278,"Olajuwon, Abi",0,2010,2011,0,
1630446,"Onyenwere, Michaela",1,2021,2024,0,sky
203840,"Orekhova, Inga",0,2014,2015,0,
1642294,"Osborne, Charisma",1,2024,2024,0,mercury
100997,"Osipova, Irina",0,2006,2006,0,
100354,"Owen, Heather",0,1999,2000,0,
100560,"Owens, Shantia",0,2000,2002,0,
201535,"Page, Danielle",0,2008,2008,0,
100199,"Page, Murriel",0,1998,2008,0,
101034,"Paige, Yolanda",0,2005,2005,0,
200740,"Palie, Sabrina",0,2006,2006,0,
100046,"Palmer, Wendy",0,1997,2007,0,
201907,"Paris, Courtney",0,2009,2019,0,
1628917,"Park, JiSu",0,2018,2021,0,
201496,"Parker, Candace",0,2008,2023,0,
204323,"Parker-Tyus, Cheyenne",1,2015,2024,0,dream
1641641,"Parks, Robyn",0,2023,2023,0,
201558,"Pascalau, Florina",0,2008,2008,0,
100070,"Paschal, Tia",0,1998,1998,0,
100686,"Pavlickova, Michaela",0,2001,2003,0,
100487,"Paye, Kate",0,2000,2002,0,
203035,"Peddy, Shey",0,2019,2023,0,
202653,"Pedersen, Kayla",0,2011,2017,0,
100234,"Penicheiro, Ticha",0,1998,2012,0,
100852,"Penn, Jocelyn",0,2003,2004,0,
100109,"Perazic-Gipe, Jasmina",0,1997,1997,0,
1631073,"Perez, Raina",0,2022,2022,0,
100952,"Perkins, Jia",0,2004,2017,0,
100659,"Perperoglou, Erin",0,2001,2009,0,
100083,"Perrot, Kim",0,1997,1998,0,
1630437,"Perry, Chelsey",0,2021,2021,0,
203016,"Peters, Devereaux",0,2012,2018,0,
203863,"Peters, Haley",0,2016,2019,0,
1628284,"Peterson, Alexis",0,2017,2017,0,
201909,"Petrovic, Sonja",0,2012,2016,0,
100031,"Pettis, Bridget",0,1997,2006,0,
101039,"Phillips, Erin",0,2006,2016,0,
202654,"Phillips, Porsha",0,2011,2011,0,
202655,"Phillips, Ta'Shia",0,2011,2011,0,
100413,"Phillips, Tari",0,1999,2007,0,
100888,"Pierson, Plenette",0,2003,2017,0,
1642293,"Pili, Alissa",1,2024,2024,0,lynx
203849,"Plaisance, Theresa",0,2014,2022,0,
1628276,"Plum, Kelsey",1,2017,2024,0,aces
202656,"Pohlen-Mavunga, Jeanette",0,2011,2017,0,
1631062,"Pointer, Khayla",0,2022,2022,0,
100079,"Pollini, Catarina",0,1997,1997,0,
200665,"Pondexter, Cappie",0,2006,2018,0,
203415,"Poppens, Chelsea",0,2013,2013,0,
100403,"Potthoff, Angie",0,1999,2000,0,
100414,"Powell, Elaine",0,1999,2008,0,
100919,"Powell, Nicole",0,2004,2014,0,
1627672,"Powers, Aerial",1,2016,2024,0,dream
203019,"Prahalis, Samantha",0,2012,2014,0,
100235,"Price, Franthea",0,1998,1998,0,
100530,"Pride, Lynn",0,2000,2003,0,
1628297,"Prince, Alexis",0,2017,2020,0,
202259,"Prince, Epiphanny",0,2010,2023,0,
200693,"Queenan, Brooke",0,2006,2008,0,
100417,"Quella, Heather",0,1999,1999,0,
100677,"Quick, LaQuanda",0,2001,2003,0,
201516,"Quigley, Allie",0,2008,2022,0,
201049,"Quinn, Noelle",0,2007,2018,0,
100472,"Quinney, Texlin",0,2000,2000,0,
100664,"Radunovic, Hajdana",0,2001,2001,0,
100748,"Ragland, Felicia",0,2002,2005,0,
1628248,"Raincock-Ekunwe, Nayo",0,2017,2019,0,
100683,"Randall, Semeka",0,2001,2004,0,
100552,"Rasmussen, Kristen",0,2000,2008,0,
202283,"Raven, Brittainey",0,2010,2010,0,
201070,"Raymond, Stephanie",0,2007,2007,0,
100725,"Raymond, Tamika",0,2002,2008,0,
100541,"Redd, Jamie",0,2000,2003,0,
203047,"Redmon, Katelan",0,2012,2012,0,
100225,"Reed, Brandy",0,1998,2002,0,
202665,"Reed, Chastity",0,2011,2011,0,
100286,"Reed, Michelle",0,1998,1998,0,
1642291,"Reese, Angel",1,2024,2024,0,sky
100182,"Reid, Tracy",0,1998,2003,0,
100047,"Reiss, Tammi",0,1997,1998,0,
201085,"Ress, Kathrin",0,2007,2007,0,
1630459,"Richards, DiDi",0,2021,2024,0,
202315,"Riley, Andrea",0,2010,2012,0,
100656,"Riley, Ruth",0,2001,2013,0,
100338,"Rizzotti, Jennifer",0,1999,2003,0,
100208,"Roberts, Nyree",0,1998,1999,0,
202657,"Robinson, Angel",0,2014,2018,0,
100942,"Robinson, Ashley",0,2004,2013,0,
100345,"Robinson, Crystal",0,1999,2007,0,
202658,"Robinson, Danielle",0,2011,2023,0,
100506,"Robinson, Renee",0,2000,2000,0,
203411,"Rodgers, Sugar",0,2013,2020,0,
100519,"Roland, Jannon",0,2000,2000,0,
203432,"Rolle, Waltiea",0,2014,2014,0,
1628285,"Romero, Leticia",0,2018,2018,0,
201529,"Ross, Adrianne",0,2008,2008,0,
203437,"Ruffin-Pratt, Tierra",0,2013,2020,0,
1630387,"Rupert, Iliana",0,2022,2023,0,
201103,"Rush, Leah",0,2008,2008,0,
1628920,"Russell, Mercedes",1,2018,2024,0,storm
100174,"Rycraw, Eugenia",0,1998,1998,0,
1631055,"Sabally, Nyara",1,2023,2024,0,liberty
1630149,"Sabally, Satou",1,2020,2024,0,wings
100415,"Sales, Nykesha",0,1999,2007,0,
100416,"Sam, Sheri",0,1999,2008,0,
100542,"Sampson, Charisse",0,2000,2000,0,
1628317,"Samuelson, Karlie",1,2018,2024,0,mystics
1629478,"Samuelson, Katie Lou",1,2019,2024,0,fever
100913,"Sanchez, Isabel",0,2003,2004,0,
201115,"Sanders, Amy",0,2007,2007,0,
201506,"Sanders, LaToya",0,2008,2019,0,
100556,"Sanford, Nakia",0,2003,2013,0,
201489,"Sanni, Olayinka",0,2008,2011,0,
100640,"Santos, Kelly",0,2001,2008,0,
100201,"Santos de Olive, Alessandra",0,1998,2001,0,
100525,"Sarenac, Rankica",0,2000,2001,0,
100479,"Sauer, Paige",0,2000,2002,0,
100635,"Saunders, Jaynetta",0,2001,2003,0,
100695,"Sauret, Audrey",0,2001,2002,0,
100161,"Savasta, Laure",0,1997,1997,0,
1641687,"Saxton, Victaria",1,2023,2024,0,fever
203830,"Schimmel, Shoni",0,2014,2018,0,
100648,"Schumacher, Kelly",0,2001,2009,0,
100707,"Schweitzer, Georgia",0,2001,2003,0,
100243,"Scott, Olympia",0,1998,2008,0,
100049,"Scott, Raegan",0,1997,1998,0,
100500,"Shakirova, Elena",0,2000,2002,0,
100834,"Sharp, K.B.",0,2003,2009,0,
203033,"Shegog, Chay",0,2012,2012,0,
1642292,"Sheldon, Jacy",1,2024,2024,0,wings
1629491,"Shepard, Jessica",0,2019,2023,0,
1631013,"Sheppard, Aisha",0,2022,2022,0,
1642320,"Sherrod, Jaylyn",1,2024,2024,0,liberty
201053,"Shields, Ashley",0,2007,2008,0,
1630131,"Shook, Kylee",0,2020,2021,0,
100202,"Shuler, Adrienne",0,1998,1998,0,
1641652,"Siegrist, Maddy",1,2023,2024,0,wings
203848,"Simmons, Meighan",0,2016,2017,0,
1628287,"Simms, Jennie",0,2017,2023,0,
203013,"Simon, Dymond",0,2012,2012,0,
203824,"Sims, Odyssey",1,2014,2024,0,sparks
1641690,"Sissoko, Kadi",0,2023,2023,0,
1631046,"Sjerven, Hannah",0,2022,2022,0,
100497,"Slaise, Madinah",0,2000,2000,0,
100840,"Slaughter, Gwen",0,2004,2004,0,
100736,"Slavtcheva, Gergana",0,2003,2003,0,
1630435,"Slocum, Destiny",0,2021,2022,0,
1630154,"Smalls, Kamiah",0,2020,2022,0,
100860,"Smith, Aiysha",0,2003,2004,0,
1629501,"Smith, Alanna",1,2019,2024,0,lynx
201084,"Smith, Brooke",0,2008,2010,0,
201067,"Smith, Camille",0,2007,2019,0,
100371,"Smith, Charlotte",0,1999,2006,0,
100179,"Smith, Charmin",0,1999,2003,0,
100181,"Smith, Christy",0,1998,1999,0,
200702,"Smith, Crystal",0,2006,2008,0,
100925,"Smith, Jennifer",0,2005,2005,0,
100404,"Smith, Katie",0,1999,2013,0,
1631147,"Smith, Kianna",0,2022,2022,0,
200683,"Smith, Kim",0,2006,2008,0,
100339,"Smith, LaCharlotte",0,2000,2000,0,
1631019,"Smith, NaLyssa",1,2022,2024,0,fever
100236,"Smith, Tangela",0,1998,2012,0,
201068,"Smith, Tyresa",0,2007,2007,0,
201504,"Smith, Wanisha",0,2008,2008,0,
100696,"Snell, Belinda",0,2005,2011,0,
100729,"Snow, Michelle",0,2002,2015,0,
1641654,"Soares, Stephanie",1,2024,2024,0,wings
1641667,"Soule, Taylor",0,2023,2024,0,
201086,"Spencer, Sidney",0,2007,2011,0,
100255,"Sporn, Rachael",0,1998,2001,0,
100427,"Stafford-Odom, Trisha",0,2001,2002,0,
100372,"Staley, Dawn",0,1999,2006,0,
200699,"Stansbury, Tiffany",0,2006,2010,0,
100422,"Starbird, Kate",0,1999,2004,0,
100536,"Steding, Katy",0,2000,2001,0,
100227,"Stepanova, Maria",0,1998,2005,0,
100175,"Stephens, Rehema",0,1998,1998,0,
100927,"Stephens, Stacy",0,2004,2004,0,
1628922,"Stevens, Azurá",1,2018,2024,0,sparks
100967,"Stevenson, Mandisa",0,2004,2006,0,
1627668,"Stewart, Breanna",1,2016,2024,0,liberty
100676,"Stiles, Jackie",0,2001,2002,0,
100437,"Still, Valerie",0,1999,1999,0,
100059,"Stinson, Andrea",0,1997,2005,0,
100490,"Stires, Shanele",0,2000,2002,0,
100691,"Stocks, Tamara",0,2001,2003,0,
204329,"Stokes, Kiah",1,2015,2024,0,aces
101006,"Streimikyte, Jurgita",0,2000,2005,0,
203015,"Stricklen, Shekinna",0,2012,2021,0,
200685,"Strother, Ann",0,2006,2008,0,
100062,"Suber, Tora",0,1997,1999,0,
101012,"Summerton, Laura",0,2005,2006,0,
1630134,"Sutton, Sug",1,2020,2024,0,mystics
100628,"Sutton-Brown, Tammy",0,2001,2012,0,
201484,"Swanier, Ketia",0,2008,2012,0,
100072,"Swoopes, Sheryl",0,1997,2011,0,
202670,"Swords, Carolyn",0,2011,2020,0,
203040,"Sykes, April",0,2012,2012,0,
1628279,"Sykes, Brittney",1,2017,2024,0,mystics
203855,"Talbot, Stephanie",1,2017,2024,0,sparks
200705,"Tamane, Zane",0,2006,2012,0,
100406,"Tate, Sonja",0,1999,2000,0,
100940,"Taurasi, Diana",1,2004,2024,0,mercury
203859,"Taylor, Asia",0,2014,2019,0,
1642298,"Taylor, Celeste",1,2024,2024,0,mercury
100926,"Taylor, Lindsay",0,2004,2004,0,
100634,"Taylor, Penny",0,2001,2016,0,
1630479,"Taylor, Sparkle",0,2022,2022,0,
100724,"Teasley, Nikki",0,2002,2009,0,
200696,"Terry, Kasha",0,2006,2008,0,
203826,"Thomas, Alyssa",1,2014,2024,0,sun
201055,"Thomas, Carla",0,2007,2007,0,
100930,"Thomas, Christi",0,2004,2010,0,
202662,"Thomas, Jasmine",0,2011,2023,0,
202663,"Thomas, Krystal",0,2011,2018,0,
100883,"Thomas, LaToya",0,2003,2008,0,
1631068,"Thomas, Sam",0,2022,2023,0,
100532,"Thomas, Stacey",0,2000,2005,0,
100216,"Thompson, Alicia",0,1998,2005,0,
202269,"Thompson, Amanda",0,2010,2014,0,
100076,"Thompson, Tina",0,1997,2013,0,
200677,"Thorburn, Shona",0,2006,2007,0,
100835,"Thorn, Erin",0,2003,2013,0,
203866,"Thornton, Kayla",1,2015,2024,0,liberty
100543,"Threatt-Elliott, Robin",0,2000,2000,0,
100922,"Tillis, Iciss",0,2004,2007,0,
100029,"Timms, Michele",0,1997,2001,0,
1628261,"Ting, Shao",0,2019,2019,0,
203555,"Tinkle, Joslyn",0,2013,2013,0,
204317,"Tokashiki, Ramu",0,2015,2017,0,
100004,"Toler, Penny",0,1997,1999,0,
201911,"Toliver, Kristi",0,2009,2023,0,
204299,"Tolo, Marianna",0,2015,2015,0,
100388,"Tornikidou, Elena",0,1999,2001,0,
100657,"Torres, Levys",0,2001,2001,0,
100447,"Travis, Tiffany",0,2000,2000,0,
1641672,"Traylor, Kayana",0,2023,2023,0,
100022,"Tremitiere, Chantel",0,1997,2000,0,
100106,"Trice-Hill, Trena",0,1997,1998,0,
1627670,"Tuck, Morgan",0,2016,2020,0,
200681,"Turner, Barbara",0,2006,2009,0,
1629488,"Turner, Brianna",1,2019,2024,0,sky
203389,"Turner, Yvonne",0,2017,2023,0,
100057,"Tuter, Molly",0,1997,1997,0,
100713,"Tuvic, Slobodanka",0,2001,2004,0,
100210,"Tzekova, Polina",0,1999,1999,0,
100257,"Udoka, Mfon",0,1998,2004,0,
100856,"Ujhelyi, Petra",0,2003,2003,0,
100373,"Umoh-Coleman, Itoro",0,2003,2003,0,
1642244,"Uzun, Sevgi",1,2024,2024,0,wings
1628926,"Vadeeva, Maria",0,2018,2019,0,
100211,"Valdemoro, Amaya",0,1998,2000,0,
100346,"Van Gorp, Michele",0,1999,2004,0,
100176,"VanEmbricqs, Sandra",0,1998,1998,0,
202664,"Vandersloot, Courtney",1,2011,2024,0,liberty
1642210,"Vanloo, Julie",1,2024,2024,0,mystics
201913,"Vaughn, Kia",0,2009,2022,0,
201520,"Vaughn, Krystal",0,2008,2008,0,
100670,"Veal, Kristen",0,2001,2002,0,
202239,"Vesela, Jana",0,2010,2010,0,
100028,"Viglione, Danielle",0,1997,1997,0,
100712,"Vilipic, Dalivorka",0,2006,2006,0,
1628927,"Vivians, Victoria",1,2018,2024,0,storm
100544,"Vodichkova, Kamila",0,2000,2006,0,
101062,"Vodopyanova, Natalia",0,2005,2005,0,
100066,"Vukadinovic, Milica",0,1997,1997,0,
201914,"Walker, Ashley",0,2009,2019,0,
100740,"Walker, Ayana",0,2002,2007,0,
100533,"Walker, DeMya",0,2000,2012,0,
1630444,"Walker, Jasmine",0,2021,2022,0,
201531,"Walker, Marcedes",0,2008,2008,0,
1630136,"Walker, Megan",0,2020,2022,0,
1628278,"Walker-Kimbrough, Shatori",1,2017,2024,0,mystics
1628929,"Wallace, Kristy",1,2022,2024,0,fever
100681,"Walseth, Maren",0,2001,2003,0,
203069,"Warley-Talbert, Avery",0,2012,2020,0,
100217,"Washington, Coquese",0,1998,2003,0,
1630137,"Watts, Stephanie",0,2021,2021,0,
100445,"Wauters, Ann",0,2000,2016,0,
100101,"Weatherspoon, Teresa",0,1997,2004,0,
100035,"Webb, Umeki",0,1997,2000,0,
201104,"Weber, Martina",0,2007,2007,0,
101022,"Wecker, Kendra",0,2005,2008,0,
1627684,"Weisner, Jamie",0,2016,2016,0,
1631091,"Westbrook, Evina",0,2022,2023,0,
100915,"Whalen, Lindsay",0,2004,2018,0,
204365,"Wheeler, Erica",1,2015,2024,0,fever
1628244,"Whitcomb, Sami",1,2017,2024,0,storm
100849,"White, DeTrina",0,2003,2005,0,
201493,"White, Erica",0,2008,2009,0,
100370,"White, Stephanie",0,1999,2004,0,
101020,"White, Tan",0,2005,2014,0,
100389,"Whiting, Val",0,1999,2002,0,
100347,"Whitmore, Tamika",0,1999,2009,0,
201495,"Whittington, Khadijah",0,2008,2009,0,
100355,"Whittle, Jennifer",0,1999,2001,0,
203413,"Whyte, Davellyn",0,2013,2014,0,
100104,"Wicks, Sue",0,1997,2002,0,
100007,"Wideman, Jamila",0,1997,2000,0,
1628282,"Wiese, Sydney",0,2017,2021,0,
201499,"Wiggins, Candice",0,2008,2015,0,
200720,"Wilkins, Brittany",0,2006,2008,0,
101036,"Williams, Angelina",0,2005,2006,0,
100464,"Williams, Beverly",0,2000,2000,0,
1631090,"Williams, Christyn",0,2023,2023,0,
1627675,"Williams, Courtney",1,2016,2024,0,lynx
100064,"Williams, Debra",0,1997,1997,0,
204322,"Williams, Elizabeth",1,2015,2024,0,sky
1628931,"Williams, Gabby",1,2018,2024,0,storm
203412,"Williams, Kamiko",0,2013,2013,0,
1630461,"Williams, Kiana",0,2021,2024,0,
100050,"Williams, Kim",0,1997,1998,0,
100738,"Williams, Lenae",0,2002,2002,0,
1641670,"Williams, Madi",0,2023,2023,0,
100366,"Williams, Natalie",0,1999,2005,0,
203029,"Williams, Riquna",0,2012,2023,0,
100204,"Williams, Rita",0,1998,2003,0,
100885,"Williams, Shaquala",0,2003,2003,0,
100038,"Williams, Tara",0,1997,2000,0,
100947,"Williams, Toccara",0,2004,2004,0,
100526,"Williams-Strong, Adrian",0,2000,2008,0,
100973,"Willingham, Le'coe",0,2004,2013,0,
200675,"Willis, Lisa",0,2006,2009,0,
100655,"Willits, Wendi",0,2001,2001,0,
1630139,"Willoughby, Jocelyn",0,2020,2023,0,
1628932,"Wilson, A'ja",1,2018,2024,0,aces
1630458,"Wilson, Aaliyah",0,2021,2021,0,
100380,"Wilson, Amanda",0,1999,2000,0,
201917,"Wirth, Christina",0,2009,2009,0,
201918,"Wisdom-Hylton, Lindsay",0,2009,2012,0,
100105,"Witherspoon, Sophia",0,1997,2003,0,
203030,"Wojta, Julie",0,2012,2013,0,
100340,"Wolters, Kara",0,1999,2002,0,
100636,"Wolvert, Angelina",0,2001,2001,0,
100090,"Woodard, Lynette",0,1997,1998,0,
100086,"Woosley, Tiffany",0,1997,1998,0,
1628933,"Wright, Imani",0,2018,2018,0,
202257,"Wright, Monica",0,2010,2016,0,
100923,"Wright, Shereka",0,2004,2005,0,
101030,"Wright, Tanisha",0,2005,2019,0,
100667,"Wyckoff, Brooke",0,2001,2009,0,
100545,"Wynne, Dana",0,2001,2001,0,
204300,"Xargay, Marta",0,2015,2016,0,
100749,"Yamasaki, Lindsey",0,2002,2003,0,
100024,"Yasen, Corissa",0,1997,1997,0,
100424,"Yilmaz, Nevriye",0,2003,2004,0,
100344,"Young, Carolyn",0,2001,2002,0,
1629498,"Young, Jackie",1,2019,2024,0,aces
201477,"Young, Tamera",0,2008,2019,0,
203404,"Young, Toni",0,2013,2014,0,
200674,"Young-Malcolm, Sophia",0,2006,2015,0,
1629574,"Yueru, Li",1,2022,2024,0,sparks
204320,"Zahui B, Amanda",0,2015,2023,0,
100390,"Zakaluzhnaya, Oksana",0,2000,2002,0,
1628508,"Zandalasini, Cecilia",1,2017,2024,0,lynx
101103,"Zara, Francesca",0,2005,2005,0,
201919,"Zellous, Shavonte",0,2009,2021,0,
100006,"Zheng, Haixia",0,1997,1998,0,
100861,"Zirkova, Zuzana",0,2003,2003,0,
201498,"Zoll-Norman, Sharnee",0,2008,2013,0,
200686,"Zolman, Shanna",0,2006,2010,0,
100812,"de Souza, Erika",0,2002,2017,0,
100283,"de Souza Sobral, Leila",0,1998,1998,0,
100514,"dos Santos, Cintia",0,2000,2002,0,
1630151,"Époupa, Olivia",1,2024,2024,0,lynx
